1.422,0.79804,0.59054,0.75986,1.1594,1.4387,0.081958,0.59909,0.11435,0.23866,0.26257,0.37418,0.46153,0,0.065556,0.15417,0,0.19118,0,0,0.031944,0.019931,0.0064471,0,0,0
1.6538,0.92817,0.68683,0.88376,1.3485,1.6732,0.095321,0.69677,0.13299,0.27757,0.30538,0.43519,0.53678,0,0.076245,0.17931,0,0.22235,0,0,0.037153,0.023181,0.0074983,0,0,0
48.196,27.049,20.016,25.755,39.297,48.762,2.7779,20.305,3.8757,8.089,8.8995,12.682,15.643,0,2.2219,5.2253,0,6.4798,0,0,1.0827,0.67554,0.21852,0,0,0
108.89,61.112,45.222,58.189,88.785,110.17,6.2762,45.877,8.7565,18.276,20.107,28.654,35.343,0,5.0201,11.806,0,14.64,0,0,2.4462,1.5263,0.49371,0,0,0
101.6,57.019,42.193,54.291,82.837,102.79,5.8557,42.804,8.1699,17.052,18.76,26.734,32.975,0,4.6838,11.015,0,13.659,0,0,2.2823,1.424,0.46063,0,0,0
98.707,55.397,40.993,52.747,80.481,99.866,5.6892,41.586,7.9376,16.567,18.227,25.974,32.037,0,4.5506,10.702,0,13.271,0,0,2.2174,1.3835,0.44753,0,0,0
91.305,51.243,37.919,48.792,74.447,92.377,5.2626,38.468,7.3424,15.324,16.86,24.026,29.635,0,4.2094,9.8992,0,12.276,0,0,2.0512,1.2798,0.41397,0,0,0
40.697,22.84,16.901,21.748,33.183,41.175,2.3457,17.146,3.2727,6.8304,7.5148,10.709,13.209,0,1.8762,4.4123,0,5.4716,0,0,0.91425,0.57043,0.18452,0,0,0
144.21,80.932,59.889,77.061,117.58,145.9,8.3116,60.756,11.596,24.203,26.628,37.947,46.805,0,6.6483,15.635,0,19.388,0,0,3.2396,2.0213,0.65383,0,0,0
172.59,96.863,71.677,92.229,140.72,174.62,9.9477,72.715,13.879,28.967,31.87,45.416,56.018,0,7.9569,18.712,0,23.205,0,0,3.8772,2.4192,0.78253,0,0,0
168.38,94.5,69.928,89.979,137.29,170.36,9.705,70.941,13.54,28.261,31.092,44.308,54.652,0,7.7628,18.256,0,22.638,0,0,3.7827,2.3601,0.76343,0,0,0
176.79,99.22,73.421,94.473,144.15,178.87,10.19,74.484,14.217,29.672,32.645,46.521,57.381,0,8.1505,19.168,0,23.769,0,0,3.9716,2.478,0.80157,0,0,0
215.99,121.22,89.699,115.42,176.11,218.52,12.449,90.998,17.369,36.25,39.883,56.835,70.103,0,9.9575,23.417,0,29.039,0,0,4.8521,3.0274,0.97928,0,0,0
63.8,35.806,26.496,34.093,52.02,64.549,3.6773,26.88,5.1305,10.708,11.781,16.788,20.708,0,2.9413,6.9171,0,8.5777,0,0,1.4333,0.89426,0.28927,0,0,0
132.31,74.258,54.949,70.705,107.88,133.87,7.6262,55.745,10.64,22.207,24.432,34.817,42.945,0,6.1,14.345,0,17.789,0,0,2.9724,1.8546,0.5999,0,0,0
146.74,82.357,60.942,78.417,119.65,148.47,8.4579,61.825,11.8,24.629,27.097,38.615,47.629,0,6.7652,15.91,0,19.729,0,0,3.2966,2.0569,0.66533,0,0,0
178.65,100.26,74.193,95.466,145.66,180.75,10.297,75.267,14.366,29.984,32.988,47.01,57.984,0,8.2362,19.369,0,24.019,0,0,4.0133,2.5041,0.80999,0,0,0
226.74,127.26,94.167,121.17,184.88,229.41,13.069,95.53,18.234,38.056,41.869,59.666,73.595,0,10.453,24.583,0,30.485,0,0,5.0938,3.1782,1.0281,0,0,0
191.45,107.45,79.51,102.31,156.1,193.7,11.035,80.661,15.396,32.133,35.352,50.379,62.14,0,8.8264,20.757,0,25.74,0,0,4.3009,2.6835,0.86804,0,0,0
80.975,45.446,33.629,43.272,66.024,81.926,4.6672,34.116,6.5117,13.591,14.952,21.308,26.282,0,3.7332,8.7793,0,10.887,0,0,1.8191,1.135,0.36714,0,0,0
287.33,161.26,119.33,153.54,234.28,290.71,16.561,121.06,23.106,48.225,53.057,75.609,93.26,0,13.247,31.152,0,38.631,0,0,6.4549,4.0274,1.3028,0,0,0
347.52,195.04,144.32,185.71,283.35,351.6,20.03,146.41,27.946,58.327,64.171,91.447,112.8,0,16.022,37.678,0,46.723,0,0,7.807,4.8711,1.5756,0,0,0
358.63,201.27,148.94,191.64,292.41,362.84,20.67,151.09,28.839,60.19,66.221,94.37,116.4,0,16.533,38.882,0,48.216,0,0,8.0565,5.0267,1.626,0,0,0
417.53,234.33,173.4,223.12,340.44,422.43,24.065,175.91,33.576,70.077,77.099,109.87,135.52,0,19.249,45.268,0,56.136,0,0,9.3798,5.8524,1.8931,0,0,0
474.98,266.57,197.26,253.82,387.28,480.55,27.376,200.11,38.196,79.719,87.706,124.99,154.16,0,21.898,51.497,0,63.859,0,0,10.67,6.6576,2.1535,0,0,0
229.42,128.76,95.277,122.6,187.06,232.11,13.223,96.657,18.449,38.505,42.363,60.37,74.463,0,10.577,24.873,0,30.845,0,0,5.1538,3.2157,1.0402,0,0,0
0.45075,0.25297,0.18719,0.24087,0.36752,0.45604,0.02598,0.1899,0.036247,0.075652,0.083232,0.11861,0.1463,0,0.02078,0.048869,0,0.060602,0,0,0.010126,0.006318,0.0020437,0,0,0
222.79,125.04,92.526,119.06,181.66,225.41,12.841,93.866,17.916,37.393,41.14,58.627,72.313,0,10.271,24.155,0,29.954,0,0,5.0051,3.1228,1.0101,0,0,0
471.58,264.66,195.85,252,384.51,477.12,27.181,198.68,37.923,79.149,87.079,124.09,153.06,0,21.741,51.129,0,63.403,0,0,10.594,6.61,2.1381,0,0,0
487,273.32,202.25,260.24,397.08,492.71,28.069,205.18,39.162,81.736,89.926,128.15,158.07,0,22.452,52.8,0,65.475,0,0,10.94,6.8261,2.208,0,0,0
472.82,265.36,196.36,252.66,385.51,478.37,27.252,199.2,38.022,79.356,87.307,124.42,153.46,0,21.798,51.262,0,63.569,0,0,10.622,6.6273,2.1437,0,0,0
529.97,297.43,220.09,283.2,432.11,536.19,30.546,223.28,42.617,88.948,97.86,139.46,172.01,0,24.433,57.458,0,71.252,0,0,11.906,7.4283,2.4028,0,0,0
253.87,142.48,105.43,135.66,206.99,256.85,14.632,106.96,20.415,42.608,46.877,66.803,82.397,0,11.704,27.524,0,34.132,0,0,5.7031,3.5583,1.151,0,0,0
593.29,332.97,246.39,317.04,483.75,600.26,34.196,249.96,47.71,99.576,109.55,156.12,192.57,0,27.352,64.324,0,79.767,0,0,13.328,8.316,2.69,0,0,0
588.86,330.48,244.55,314.67,480.13,595.77,33.94,248.09,47.353,98.832,108.73,154.95,191.13,0,27.148,63.843,0,79.17,0,0,13.229,8.2538,2.6699,0,0,0
683.88,383.81,284.01,365.45,557.6,691.9,39.417,288.13,54.994,114.78,126.28,179.96,221.97,0,31.528,74.145,0,91.945,0,0,15.363,9.5856,3.1007,0,0,0
685.74,384.85,284.78,366.44,559.12,693.79,39.524,288.91,55.144,115.09,126.62,180.45,222.57,0,31.614,74.347,0,92.195,0,0,15.405,9.6117,3.1091,0,0,0
608.9,341.73,252.87,325.38,496.47,616.04,35.095,256.54,48.965,102.2,112.43,160.23,197.63,0,28.072,66.016,0,81.864,0,0,13.679,8.5347,2.7607,0,0,0
306.78,172.18,127.41,163.94,250.14,310.39,17.682,129.25,24.67,51.49,56.649,80.728,99.573,0,14.144,33.261,0,41.246,0,0,6.8919,4.3001,1.391,0,0,0
3.3579,1.8845,1.3945,1.7944,2.7379,3.3973,0.19354,1.4147,0.27003,0.56358,0.62005,0.8836,1.0899,0,0.15481,0.36406,0,0.45146,0,0,0.075435,0.047066,0.015225,0,0,0
10.489,5.8866,4.356,5.605,8.5521,10.612,0.60454,4.419,0.84346,1.7604,1.9368,2.76,3.4044,0,0.48356,1.1372,0,1.4102,0,0,0.23563,0.14702,0.047556,0,0,0
672.27,377.3,279.19,359.25,548.14,680.17,38.748,283.24,54.061,112.83,124.14,176.9,218.2,0,30.993,72.887,0,90.386,0,0,15.103,9.423,3.0481,0,0,0
657.98,369.27,273.26,351.61,536.49,665.7,37.924,277.21,52.911,110.43,121.5,173.14,213.56,0,30.334,71.337,0,88.463,0,0,14.781,9.2226,2.9832,0,0,0
629.29,353.17,261.34,336.28,513.1,636.68,36.271,265.13,50.605,105.62,116.2,165.59,204.25,0,29.012,68.227,0,84.606,0,0,14.137,8.8205,2.8532,0,0,0
241.96,135.8,100.49,129.3,197.29,244.81,13.946,101.94,19.458,40.611,44.68,63.671,78.535,0,11.155,26.234,0,32.532,0,0,5.4357,3.3915,1.0971,0,0,0
41.773,143.19,62.367,3.0832,52.982,32.679,73.047,22.209,32.657,22.198,0.69579,0.93171,41.456,10.17,0.45984,0.51276,0.91687,0.36315,100.12,0.22346,0.27235,80.133,0.10256,40.116,0.087919,0.056316
107.66,121.62,90.349,117.69,193.82,1762.3,116.3,84.327,251.43,83.888,26.56,35.565,55.593,6.4881,697.55,19.573,34.999,13.862,244.67,8.5299,10.396,5.0739,3.9149,4.4106,3.356,2.1497
693.12,2889,311.3,405.51,592.17,3862.3,800.72,450.55,569.47,289.04,1771.5,502.54,191.55,22.355,60.479,67.439,120.59,47.762,16.103,29.39,35.82,237.48,13.489,15.197,171.56,7.4068
826.68,2483.4,1199.4,2329.1,924.97,2062.8,584.01,307.44,369.79,305.84,1636.8,499.66,202.68,23.654,63.994,71.359,127.6,50.539,337.04,31.098,117.9,18.499,14.273,216.08,12.235,7.8373
1390.9,748.92,348.36,1753.8,748.87,1954.3,1008.4,585.14,1091.1,343.45,932.41,337.13,524.35,25.016,67.679,375.47,134.95,53.448,18.02,32.889,40.085,19.564,15.095,17.006,12.94,8.2886
5.2635,9.461,7.0286,29.156,8.8546,87.955,9.0475,6.5601,7.8905,6.5259,2.0661,2.7667,4.3247,0.50473,1.3655,1.5226,2.7226,1.0784,0.36358,0.66356,0.80875,0.39472,0.30455,0.34312,0.26107,0.16723
5188.1,2556,3041.4,2951.6,2397.5,2745,1926.5,309.28,372,307.66,1667.4,1190.4,943.89,63.795,624.38,431.79,128.36,50.84,17.141,31.284,38.129,18.609,14.358,16.176,12.308,7.8841
5808.5,2794.7,1445.2,2159.7,1194.9,2060.7,1524.4,402.22,537.57,680.54,791.49,505.9,772.43,44.792,267.07,254.79,133.73,52.968,37.859,112.59,39.725,19.388,14.959,16.853,12.824,8.2142
4681.4,1701.8,1455.7,1547.2,1802.9,2749.9,2632.1,983.28,976.82,351.65,648.67,282.13,2066.5,64.104,105.21,572.72,170.02,211.5,97.363,31.689,38.623,258.85,14.544,16.386,12.468,7.9863
2975.9,2125.9,908.43,849.93,1144.1,1447,554.26,523.87,1333.6,342.08,548.31,265.03,1606.7,26.457,71.578,489.82,142.72,136.53,1659.1,34.783,42.394,20.691,15.964,17.986,13.685,8.7661
1469.5,2288.4,953.11,1113.9,899.65,2347,428.8,890.91,633.96,479.29,97.923,231.13,1015,183.92,64.716,72.164,129.04,201.11,1177.2,31.449,38.33,18.707,14.434,16.262,12.373,7.9257
745.72,245.98,167.88,218.69,211.5,670.01,216.11,156.69,188.47,155.88,49.352,86.085,103.3,12.056,32.616,36.37,65.033,25.758,8.6844,15.85,19.318,9.4282,7.2746,8.1956,6.236,3.9945
3469.9,457.33,650.32,525.15,493.15,637.26,990.84,261.64,1474.7,260.27,222.4,580.34,1252.5,20.13,54.46,60.727,108.59,43.009,2854.5,26.465,32.255,15.742,12.147,13.684,10.412,6.6696
4890.6,1894.4,1754.7,1078.2,1242.1,1584.1,2422.4,899.77,1840.7,347.95,600.16,527.52,750.59,26.911,112.81,81.184,145.17,57.497,3059.4,35.38,43.121,341.05,16.238,18.294,13.92,8.9164
9003,1600.6,1214.5,744.81,979.2,2122.5,1789.2,600.21,1189.2,748.43,807.15,843.48,884.28,26.175,70.815,268.96,141.2,305.92,5688.9,34.413,41.942,1060.5,15.794,17.794,13.539,8.6726
4395.1,1804.5,727.37,1148.5,1222.8,2075.8,2982.9,632.88,572.42,341.09,187.99,554.61,1926,26.381,71.371,79.585,142.31,156.36,1939,34.683,42.272,660.63,15.918,17.934,13.646,8.7408
3051.4,2077.8,899.21,1399.1,1200.7,1615.8,1192.5,870.6,581.85,398.51,686.17,288.95,664.1,30.822,83.386,92.983,166.26,185.85,22.203,40.522,49.388,744.1,18.598,20.953,95.943,10.212
625.29,1339.1,207.36,300.12,541.24,1674.7,266.93,193.54,232.79,192.53,590.96,821.63,127.59,14.891,40.286,84.922,80.326,31.815,10.727,19.577,23.86,11.645,8.9852,10.123,7.7025,4.9338
2249,943.54,1739.2,1667.9,2572.5,1736.6,1102.4,855.28,1003.3,733.53,265.6,541.4,2141,85.796,69.788,77.82,139.15,175.11,2058.6,33.914,41.334,20.173,15.565,17.536,13.343,8.5469
4458.3,1616.2,1748.3,758.85,1241.8,2430.8,2402.7,591.76,1447.2,369.82,377.09,496.79,955.08,108.6,77.382,186.29,154.29,101.11,1620.6,37.604,45.832,422.37,17.259,19.444,14.795,9.4769
2046.2,980.33,408.84,2112.6,595.05,1862.7,3926.3,821.59,1179,379.6,660.18,320.93,1291.6,29.359,159.43,268.57,158.37,222.73,981.15,38.598,47.043,902.96,17.715,19.958,15.186,9.7275
1840.1,1177.4,794.11,579.42,1261.7,1188.7,533.05,386.5,464.89,384.49,261.73,463.01,254.8,29.737,240.45,89.71,160.41,63.535,21.421,39.096,47.649,23.256,17.944,20.215,15.382,9.8528
1804.8,843.76,573.68,1164.9,546.34,2550.8,818.25,724.77,846.86,402.66,407.49,590.71,266.84,191.14,84.254,93.95,167.99,66.538,1062.4,40.943,49.901,24.355,38.792,21.171,16.109,10.318
168.24,452.4,224.65,292.64,2043,254.26,289.18,359.68,402.2,208.59,66.04,88.432,138.23,416.13,43.645,48.668,87.024,34.468,11.621,21.21,25.85,12.616,9.7345,10.967,8.3447,5.3452
1830.2,1217.6,974.25,1799.6,801.87,1488.8,1653.2,566.64,625.05,384.62,141.77,703.06,674.89,29.747,80.479,89.741,160.47,63.557,21.428,39.109,47.666,103.26,17.95,20.222,15.387,9.8562
2135.7,1639.3,1494.9,1148.6,1558.3,2437.5,2171.3,783.26,693.16,440.95,519.61,406.95,672.22,34.104,132.27,322.88,183.97,72.865,2104.6,44.837,54.647,346.67,20.579,23.184,17.641,11.3
2071,2291,2208.8,1290.6,1570.5,2330.5,683.41,617.52,1246.2,435.24,1217.8,504.52,388.43,33.662,331.07,101.55,181.58,151.92,824.25,44.256,53.939,426.33,20.312,22.884,17.412,11.153
1926.5,1866.5,1249.5,821.8,2057.4,2064.5,3353,1271.5,1519.3,528.74,467.4,544.16,590.4,880.89,570.63,423.37,220.59,307.37,3029.5,133.76,65.526,191.98,24.675,347.8,21.153,93.549
2325.7,2264.8,821.93,1094.3,1344.3,1254.4,2403.5,655.14,1468,1571.7,626.34,1036.3,1211.9,730.41,136.37,252.06,271.9,107.69,1076.3,66.269,80.768,119.42,30.415,34.266,26.073,16.701
227.91,409.67,304.34,396.45,403.41,344.45,391.76,284.06,341.67,282.58,109.47,119.8,187.27,21.855,59.127,65.932,117.89,46.695,15.743,28.733,35.02,217.09,13.188,14.857,31.305,7.2412
1671.8,1848.3,2276.4,1426.7,1905.4,2501.9,3039,1083.4,2157.3,540.94,785.94,335.42,1465.5,315.65,376.45,407.55,192.31,386.17,3985.7,46.869,57.124,627.88,21.511,24.235,18.44,71.812
2738.9,1617.1,1052.7,2253.9,1271.1,1722.9,2605.8,497.22,658.06,2664.6,496.6,549.7,967.79,298.26,103.5,115.41,566.36,81.735,347.56,50.295,61.299,29.917,23.084,26.006,19.788,12.675
2359.1,1817.4,2232.9,2074.2,1411.4,2163.2,2146,997.41,1258.3,494.82,496.66,869.78,907.92,198.27,523.54,235.45,586.44,141.77,507.57,50.314,61.322,289.93,23.092,346.02,19.796,12.68
952.78,1146,1104.5,1463.2,1260.8,1113.6,2435.2,749.54,2328.8,3677,414.18,1421.5,602.73,117.66,221.9,673.62,383.17,140.47,3127.1,49.517,60.352,429.46,22.727,785.6,659.48,52.479
3135.4,2346.6,1074.7,1002.5,1458.8,1467.8,793.99,517.7,922.69,515,843.05,358.34,341.29,79.831,107.76,120.16,234.86,85.101,108.69,52.366,63.824,31.15,24.034,1147.1,20.603,13.197
200.19,539.84,267.33,368.23,416.78,422.56,344.11,349.51,300.11,268.21,618.58,105.23,164.49,19.197,51.936,57.913,103.55,41.015,13.828,25.238,30.76,15.013,11.584,13.05,89.93,6.3605
2376.8,1773.3,1149.9,2410.3,1447.6,2279.8,2462.1,714.6,1294.9,2412,355.78,448.6,326.07,38.054,102.95,194.8,205.28,161.3,1207.4,130.03,140.98,109.76,22.962,1325.9,619.68,92.608
1057.3,1454.1,2470.5,1591,1808.3,2160.4,1202.9,1535.1,1075.5,492.55,375.95,528.82,326.42,158.1,903.06,114.92,785.5,261.39,27.442,50.084,3241,109.79,22.987,305.9,659.71,72.622
2071.2,1775.1,2195.9,1770.1,2415.5,2951.7,2001.3,997.47,1166.5,1374.7,549.28,626.68,1334.3,321.35,611.88,204.75,343.07,348.35,29.788,54.366,66.261,272.34,24.952,28.112,2101.4,93.701
1562,1734.5,2390.3,1268.9,2093.6,2048.1,1579.8,850.92,1442.6,1948,513.52,452.35,723.2,162.39,714.68,267.87,508.65,150.56,2030.5,55.727,187.92,433.15,25.577,148.82,21.925,14.044
1602.8,2091.8,2038,1185,1138.5,1279.4,1855.5,936.76,1193.7,1433.8,581.66,863.25,420.23,124.38,120.05,133.87,379.37,94.811,31.966,58.341,291.11,754.7,26.776,390.17,1063,74.703
237.63,1667.1,1677.3,773.35,1119.8,1819.1,408.47,356.17,356.23,294.63,773.28,124.91,195.25,182.79,61.648,68.743,122.92,48.686,16.415,29.958,36.513,17.82,13.75,15.491,91.787,7.55
10.105,38.163,13.493,17.577,16.999,15.271,17.369,12.594,15.148,92.528,3.9665,5.3115,8.3025,700.97,2.6214,2.9231,5.2269,2.0702,0.69799,1.2739,1.5526,0.75777,0.58468,0.65871,0.50121,0.32104
476.73,1785,1623.2,2389.7,1924.7,2360,1810.7,1724.3,2114.7,561.48,691.44,569.56,868.84,521.88,113.3,546.34,225.91,129.48,190.17,55.058,147.1,312.75,25.27,338.47,21.662,13.876
1645,1085.9,974.14,1221.8,2098.1,1187.2,893.31,757.2,1132.1,834.51,362.9,448.13,340.97,249.79,587.66,140.05,684.66,185.02,2418.7,52.316,63.763,191.12,24.011,27.052,20.583,73.185
1660.4,1791.6,1608.1,2006,1660.8,2525.6,2557,948.87,1370.2,2016,452.87,411.49,361.85,302.23,114.25,517.4,227.8,150.23,1310.4,55.52,67.667,53.025,25.482,108.71,661.84,13.992
1444,1789.9,2096.3,1101.9,1634.2,1471.5,1571.9,1763.2,1505.5,680.06,789.99,954.4,437.67,86.41,665.56,320.01,430.35,159.16,33.432,61.016,3854.4,436.29,28.004,31.55,24.006,95.377
208.09,374.03,277.86,381.95,350.05,354.48,517.68,339.34,331.94,257.99,81.682,109.38,170.97,19.954,73.983,60.196,107.64,42.632,14.374,26.233,31.973,15.605,12.04,13.565,10.321,6.6112
303.46,545.46,425.22,567.85,510.5,458.63,521.62,378.21,454.92,536.24,119.12,159.51,249.34,29.099,78.726,87.786,156.97,62.172,20.962,38.257,46.627,22.757,17.559,19.782,15.052,9.6414
2444.5,2219,2033.6,2283.2,1947.8,2181.8,1504.1,2794,2606.4,2051.2,394.5,953.67,365.25,302.63,495.32,388.6,229.94,211.08,1530.7,56.042,68.304,353.34,25.721,228.98,942.05,14.124
4414.6,1673,1893.7,2285.5,2058.3,2707.2,895.71,1551.5,1921.4,588.37,446.28,609.44,389.91,225.51,343.11,137.28,545.47,217.23,182.78,59.826,72.916,375.59,27.458,110.93,1703.5,75.077
1438.8,1700.6,2609.4,1422.9,2485.5,2463.6,1923,676.75,1077.8,1993.6,507.95,311.68,1733.4,205.91,124.21,138.51,607.67,138.1,313.07,60.362,73.569,355.91,27.704,111.21,1663.7,15.212
3237.3,1349.9,2110.8,2259.9,2320.3,1721.8,1569.2,2134.8,1455.5,641.4,603.07,1091.9,425.06,129.61,464.21,149.65,687.6,205.99,115.73,65.219,2479.5,198.8,29.933,33.723,185.66,16.436
269.12,483.74,1459.4,468.13,1272.7,1366.7,462.6,335.42,403.44,513.67,575.64,141.46,261.12,25.807,69.818,77.853,139.21,55.138,338.59,33.928,41.352,20.182,15.572,17.544,13.349,8.5505
2014.5,2161,1400.2,1095.8,1300.9,2556.6,2946.8,2201.5,1531.3,2638.7,590.55,848.38,356.99,101.66,872.72,465.69,344.74,149.02,1650,54.775,66.759,512.58,25.14,268.32,421.55,113.8
1279.6,1747.9,1747.1,2149,1740.4,2535,1498.7,1542.6,2088.9,4529.4,516.1,952.59,610.46,287.9,889.6,1534.5,378.41,242.35,1014.5,62.979,76.759,197.46,28.905,112.57,424.78,15.872
3426.1,1313.7,1389.1,1805.5,1977.7,2934.6,1195.5,1045.8,2178.7,1182.6,270.8,875.49,999.37,146.61,526.1,260.61,581.43,119.58,1073.6,221.28,74.685,196.45,28.124,1671.7,664.11,35.443
2845.7,1867,1888.7,2037.1,1727.6,1759.4,2556.5,1582.8,1953.1,679.42,772.45,1251.1,663.75,169.45,233.79,409.19,526.77,205.66,1275.6,65.017,5099.2,358.67,29.841,273.62,105.58,16.386
4377,1765.3,1097.1,2594.1,1423.4,1551.6,2123.1,1349.3,1625.1,3605.8,630.81,1062.3,441.25,111.5,619.32,315.35,537.79,170.03,1757.1,67.703,82.516,760.27,31.073,115.01,426.64,77.062
254.9,458.17,340.37,443.38,428.8,625.23,438.14,437.69,382.11,316.03,100.06,133.98,209.44,224.44,66.127,73.737,131.85,52.223,17.607,32.135,39.166,19.115,14.749,16.616,12.643,8.0985
1909.8,1800.4,1714.1,1952,1784,1860.3,1521.9,1470.5,1714.3,1107.3,412.27,597.47,522.46,46.969,167.07,241.7,253.37,200.35,33.834,61.751,75.262,196.73,28.342,391.93,664.3,15.562
1943.9,1725.7,2312.8,1236.4,1967.6,2341.5,1906.1,1688,2125.3,1324.7,487.79,744.85,454,148.32,1330.7,365.76,360.63,223.23,1474.8,63.522,77.42,677.79,109.15,312.85,264.99,16.009
1040.5,1919.6,1748.3,2050.6,1921.9,2156.4,2480.3,903.76,1930.3,700.51,416.46,543.07,1151.2,207.99,289.84,144.78,518.88,182.54,1294.6,63.095,76.9,597.53,28.958,352.62,104.82,15.901
747.76,1328.6,1244.7,1438,1407.8,997.62,1347.2,1077.8,891.17,694.34,367.17,477.41,553.64,230.61,536.92,332.67,313,248.13,236.46,146.53,81.092,39.578,30.537,34.404,106.18,56.768
1331,2170.4,1935.8,2138.5,1946.9,1092.8,4907.1,1066.8,1706,763.17,676.3,989.64,1112.7,352.84,322.95,319.4,605.02,372.89,278.06,69.466,84.665,301.32,31.883,35.919,187.33,117.51
289.91,1101.1,887.13,504.29,1747.7,1598.1,498.33,381.33,954.6,359.44,413.8,152.39,238.2,27.8,75.211,83.867,149.96,279.4,20.026,36.549,44.546,261.74,16.775,18.899,14.38,109.21
1166.2,1669.9,1996,2000.5,1891.6,2185,3210.1,1530.9,1718.9,2817.6,578.71,466.08,1255.9,308.54,551.32,266.44,561.85,423.71,874.97,223.82,77.78,197.96,29.29,113,1065.1,36.083
1238.6,1948,2099.2,1776.8,1446,1473.9,3525.7,1551.2,2667.3,1827.7,431.41,863.09,1302.5,571.64,739.72,315.8,438.58,350.34,717.2,67.896,82.751,680.39,51.162,35.107,346.71,57.111
1926.3,7540,1436.1,1500.7,1091.7,845.15,1990.2,711,1179,1647.7,518.74,946.12,1356,328.55,391.34,146.46,321.88,223.73,1155,63.826,77.791,37.967,29.294,33.003,665.11,16.085
1254.6,1325,887.18,1095.1,965.71,817.74,1924.6,921.38,1171.5,638.03,362.01,550.5,742.83,49.347,213.5,348.87,406.19,125.43,375.55,64.877,119.07,278.59,29.776,113.55,465.53,76.35
1074.9,1261.6,1134.3,1190.5,1319.9,1128.5,999.52,1026.7,1181.9,663.25,289.99,401.19,539.54,71.297,178.78,214.75,316.71,129.6,36.952,87.44,82.196,40.116,30.953,34.872,186.53,36.996
444.83,506.02,1473.6,480.66,1145.5,400.24,455.22,610.07,837,338.34,103.96,359.21,217.6,245.39,68.704,76.611,136.99,134.26,18.293,33.387,40.692,99.86,15.323,17.264,13.136,8.4141
1238.1,1589.3,1225.2,1678.7,1028.5,1178.2,1837.8,1318.2,1251.7,734.8,627.32,497.61,633.94,130.64,137.01,152.78,453.19,128.2,56.481,66.582,81.149,279.61,30.559,34.428,106.2,36.78
1267,6953.2,1470.4,1391.5,1570.2,1526.7,2240.2,1241.7,1960,698.19,694.72,1487.5,1009.4,432.45,1401.9,398.24,362.95,232.07,437.78,68.96,84.048,281.02,31.651,275.66,987.13,117.38
850.07,1788.7,1414.5,1276.8,1685.4,1351.3,3085.5,1245.6,2144.6,2432,1075.9,1019.1,931.97,272.75,142.7,439.13,364.54,232.7,118,69.347,234.52,361.25,31.828,35.858,1027.3,117.48
2341.8,2783.7,2390.3,2069.4,1895.6,2414.4,1697.3,1797.6,1847.2,733.74,652.31,871.08,1276.3,136.75,153.53,471.2,406.12,261.25,440.88,74.608,2070.9,204.38,34.243,118.58,869.35,218.8
1886,1165.3,935.99,1649,1543.2,1446.2,1696.1,940.26,1468.5,776.19,385.75,549.08,994.39,80.033,162.41,501.1,423.83,128.26,43.244,78.925,96.194,286.95,36.224,280.81,271.05,79.891
306.96,1071.7,1409.9,533.94,936.38,463.91,527.63,382.57,460.16,380.58,640.49,161.35,252.21,569.43,79.633,88.798,158.78,62.889,21.203,38.698,47.165,23.019,17.761,20.01,15.225,9.7526
994.74,1305,960.89,1309.3,1084.1,1819.1,1386.7,1236.2,1081.6,1362.2,331.31,773.13,715.1,58.948,159.48,227.83,327.99,155.95,42.463,77.5,94.456,86.1,35.57,100.07,30.492,29.531
1176.1,1525.5,1076.1,1249.1,1493.3,1436.3,1146.3,1210.4,1278.7,776.32,285.79,469.13,564.47,270.04,282.44,261.13,323.89,168.28,763.25,78.938,96.209,46.955,36.23,120.82,111.06,39.894
1173.9,1201.6,1236.4,1588.3,1005.5,1287.4,1356.5,815.29,1040.4,711.56,325.29,371.67,801.56,95.034,348.89,506.02,336.87,117.58,39.644,72.353,88.184,43.039,33.208,157.41,438.47,18.234
517.38,969.98,690.88,899.96,870.37,781.93,889.33,644.83,775.61,641.47,203.1,271.96,425.11,49.613,134.22,149.67,267.63,106,35.738,65.226,79.497,38.799,29.937,33.727,105.66,16.438
238.14,428.05,318,414.24,400.61,359.91,409.34,296.8,357,295.26,93.481,125.18,195.67,22.836,61.78,68.89,123.18,48.79,16.45,30.022,36.591,17.858,13.779,15.524,11.812,7.5662
120.46,216.51,160.85,209.53,202.64,182.05,207.05,150.13,180.57,149.34,47.284,63.316,98.972,11.551,31.249,34.846,62.308,24.679,8.3205,15.186,18.508,9.0331,6.9697,7.8522,5.9747,3.8271
43.055,23.466,17.433,22.709,21.962,19.731,22.441,16.271,19.571,16.186,5.1247,6.8623,50.727,1.2519,3.3869,3.7766,6.7531,2.6747,0.90179,1.6459,2.006,0.97902,0.75539,0.85104,0.64755,0.41479
453.66,815.44,605.79,799.12,763.17,805.62,899.8,565.41,680.08,562.46,178.08,318.46,372.75,43.502,117.69,131.24,234.66,92.945,111.34,57.192,69.706,194.02,26.249,109.57,102.5,14.414
826.01,1197.4,1025.8,1054.5,982.17,1105.4,1432.9,755.44,968.5,781.76,312.18,387.52,465.06,114.28,146.84,193.74,332.78,155.96,39.097,71.356,86.969,202.45,32.75,116.9,68.075,17.983
703.06,1361.9,948.64,1286.4,1231.3,1006.5,1153.8,894.07,1149,960.09,260.65,422.25,603.72,88.787,159.04,207.35,337.12,125.6,362.35,77.287,94.198,45.974,35.472,39.964,110.41,19.478
1008.5,1291.7,1005.9,1335.8,1250.5,1034.7,1483.1,790.84,1137.2,946.82,382.78,465.1,678.18,149.31,160.45,208.92,409.92,126.71,42.722,77.972,95.032,166.38,35.787,60.318,130.68,19.65
356.59,489.19,595.99,463.72,748.48,682.91,458.25,332.26,399.65,330.53,104.65,220.13,239.04,65.564,69.161,77.121,147.9,54.619,18.415,33.609,40.963,19.992,15.425,17.379,53.223,8.4701
541.53,949.45,723.06,889.77,940.52,933.08,1129.3,657.53,1036.8,764.21,240.8,348.88,805.29,79.051,132.7,307.98,274.6,104.8,255.33,64.487,78.597,38.36,29.598,53.345,105.37,16.252
931.56,1587.4,1413.2,1094.2,1491.5,1153.8,1942.5,1092.4,1166.8,948.64,414.36,450.44,1269.6,134.81,708.28,405.34,345.65,117.1,119.48,72.056,87.822,82.862,33.071,37.259,408.35,28.159
854.22,2238.2,796.72,1016.6,965.51,912.49,1045.5,688.28,945.83,994.74,303.63,326.06,517.16,132.19,141.18,157.43,381.51,111.5,267.59,68.609,83.62,40.812,31.489,35.476,26.994,17.291
918.48,1143.8,915.76,1341.4,1099.5,884.04,979.97,1096,957.21,732.42,319.23,323.56,498.87,103.55,144.88,171.56,338.88,174.42,208.58,70.407,85.811,121.88,32.314,76.406,107.7,17.744
1156.3,1346,909.62,1332.5,1169.6,1191,1100.7,888.32,974,754.58,366.24,302.95,813.56,65.267,259.52,436.73,308.13,118.08,369.81,72.66,88.557,43.221,33.348,37.571,108.59,18.312
313.94,546.32,835.86,528.69,891.3,709.35,972.44,378.81,545.63,376.84,119.31,209.76,619.73,29.145,78.85,207.92,157.22,62.27,20.995,38.317,46.701,22.793,17.586,19.813,15.076,9.6567
716.67,1102.6,920,1050.9,939.65,996.2,1239.7,911.34,1019.5,677.79,284.59,337.35,679.17,122.42,171.82,158.14,302.78,112,617.76,68.919,83.998,40.996,31.631,35.636,67.116,17.369
733.05,1092.1,811.87,1169.4,1117.2,870.95,1087.8,861.75,1014.1,958.09,291.02,315.96,592.63,93.992,246.07,172.88,341.25,115.36,398.89,80.984,86.514,42.224,32.579,36.704,27.928,17.889
548.67,1046.2,902.66,1084.4,1133,899.22,993.12,793.83,1102.5,690.26,305.38,308.4,570.81,72.613,142.34,228.72,383.81,132.41,157.9,69.171,784.3,41.146,31.747,35.767,67.215,17.432
661.35,1332.9,1089.7,1318.6,1194.8,1013.7,1496.5,907.02,1016.5,933.18,302.13,340.84,785.88,116.71,153.41,171.07,405.89,121.16,390.85,74.551,90.863,44.346,34.217,58.549,229.33,18.788
778.27,1279.3,988.95,1322.8,1236.9,1419.5,1524.9,1093,1091.8,788.95,306.62,350.24,676.21,100.25,252.99,181.75,404.98,128.72,83.398,79.205,96.535,47.115,36.353,40.955,91.163,19.961
305.64,549.37,408.13,531.64,554.16,461.91,525.36,380.92,498.18,378.94,119.98,160.65,251.12,29.308,79.29,88.415,158.1,72.618,21.112,38.531,46.962,22.92,17.685,19.924,15.16,9.7106
689.05,1028.9,719.82,997.66,906.83,814.68,1126.6,781.84,858.09,668.34,241.6,393.35,632.91,331.69,179.84,155.94,278.84,110.44,37.235,67.958,82.827,40.424,31.19,35.14,26.738,17.127
70.232,36.366,27.017,35.192,34.035,30.577,34.777,25.216,30.33,25.084,7.9419,10.635,16.624,1.9401,5.2487,5.8528,10.465,4.1451,1.3975,2.5506,3.1087,1.5172,1.1707,1.3189,1.0035,0.6428
558.22,1587.4,968.7,1086.2,1385.4,873.42,955.15,1030.8,1146.8,867.3,281.27,302.91,592.23,61.611,139.63,215.7,338.4,110.27,247.18,67.853,82.699,40.362,31.142,35.085,26.696,17.1
598.33,1845.5,1019,1080.8,1086.6,954.27,1168.5,1085.7,1017,851.84,254.87,334.51,621.62,57.375,275.22,213.09,399.5,122.59,331.33,75.431,91.935,44.87,34.621,79.004,29.678,19.01
904.22,1116.1,916.83,1151,1226.4,963.16,1358.6,833.05,1045.8,879.13,257.18,337.6,526.45,57.939,156.75,194.79,342.54,123.79,41.736,146.17,92.839,45.311,34.961,39.387,69.97,19.197
329.27,625.9,412.98,537.96,530.27,467.4,541.6,405.45,503.62,383.44,191.4,212.56,254.11,239.66,80.233,89.466,159.98,63.362,21.363,38.989,47.52,23.192,17.895,20.161,15.34,9.826
1270.7,947.97,731.96,1138.3,889.13,801.83,977.85,686.5,795.59,673.19,220.47,498.45,439.62,193.97,322.49,157.74,284.17,104.63,435.28,64.384,78.47,38.298,29.55,33.291,25.331,16.226
725.81,1110.9,915.61,1056.4,1172.3,930.46,1184.1,992.58,1013.2,918.71,243.88,353.18,619.54,117.13,164.57,212.36,368.19,122.07,81.156,135.11,91.548,84.68,34.474,38.839,29.553,28.93
577.62,1578.3,1031.3,1194.7,1181.7,1013,1092.9,929.91,995.91,766.16,346.74,313.62,474.6,65.389,149.85,187.1,298.79,118.34,79.899,82.82,128.75,43.317,33.422,37.654,28.651,18.352
460.11,701.21,520.93,798.58,776.27,639.58,750.57,596.21,734.82,503.68,163.14,315.06,430.53,37.409,101.21,132.85,211.79,79.925,26.947,59.181,59.942,29.255,22.573,25.431,19.35,12.395
759.12,1090.9,773.32,1187.4,1044.2,1555.2,1165.5,1001.8,1018.2,818.01,247.33,444.41,555.83,55.533,150.24,167.53,349.56,118.65,600,73.009,88.983,83.429,33.509,97.752,428.72,18.4
316.88,569.57,423.14,551.19,533.06,478.9,544.68,394.93,475.03,432.87,124.39,166.56,300.36,30.386,82.206,91.667,163.91,64.921,21.888,39.948,48.689,23.763,18.335,20.656,15.717,10.068
623.92,1117.6,1133.1,1203.1,1379.1,1017.6,1190.9,990.22,1000.3,931.36,293.14,442.19,507.99,1577,154.08,231.81,357.22,121.68,141.03,134.87,91.257,44.539,34.365,38.716,69.459,18.87
1455.5,1168.4,878.57,1473.3,1258.6,1145.1,1600.8,1174.7,1507.7,750.74,287.69,568.28,1317.5,118.06,557.09,305.16,353.21,124.06,1181.8,76.337,93.039,45.408,35.036,39.472,230.03,19.238
615.8,1019,992.18,1276.8,1465,969.99,1405.4,972.71,1013.2,729.1,248.17,372.15,466.67,163.3,144.19,270.78,407.5,113.87,608.39,100.07,85.4,41.68,32.159,76.231,227.57,17.659
634.79,1137.1,1177.6,1182,1347.4,1104,1119.6,1023.8,1176.6,749.84,317.41,387.9,546.93,167.99,156.9,204.96,332.84,123.91,171.78,76.246,92.928,45.354,34.994,79.425,29.998,19.215
561.16,1198.7,1159.3,1096.1,974.01,928.09,1374.6,969.39,1081.2,705.74,350.28,314.97,781.07,53.81,225.58,162.33,360.27,114.97,78.762,70.745,86.223,42.082,32.469,116.58,107.83,17.829
380.75,540.58,401.6,523.13,505.93,674.52,516.95,374.83,450.85,382.88,118.06,238.08,247.11,928.84,78.021,127,155.57,61.616,20.774,37.915,46.21,22.553,17.402,19.605,14.917,9.5552
528.22,969.46,705.36,918.82,888.61,808.31,937.97,658.34,791.86,654.91,207.35,277.66,434.01,60.652,137.04,152.81,283.23,108.22,36.487,66.593,81.163,39.612,30.564,34.434,26.2,16.783
655.74,1412.8,1492.2,1548.9,1645.4,1385.2,1786.8,1350,1148.1,1196.2,309.93,537.89,1091.3,196.17,151.96,269.44,382.99,120.01,200.46,173.84,90,43.925,33.892,38.183,29.053,18.61
681.27,1080.9,826.14,998.91,977.38,833.15,1197.6,787.07,936.41,743.49,236.4,359.77,612.95,92.863,143.01,169.47,305.16,112.94,198.08,69.499,84.705,41.341,31.898,75.936,27.344,17.515
718.79,1106.3,859.59,1161.6,1067.3,1255,1329.3,896.3,977.65,762.41,275.05,354.75,552,97.419,285.34,213.22,339.74,132.68,331.36,85.489,92.006,44.904,34.647,39.034,29.701,19.025
765.78,1248.9,1798.9,1863.7,1889.1,1625.5,1141.3,1005,1348.1,826.07,347.79,538.42,577.74,228.09,197.16,465.24,473.35,124.11,41.844,86.37,93.079,95.428,35.051,79.489,270.05,19.247
268.91,483.35,439.08,467.75,452.37,586.41,462.23,335.15,403.12,333.4,105.56,141.35,220.95,25.786,69.762,77.791,139.1,55.093,18.575,33.901,41.318,20.166,15.559,17.529,13.338,8.5437
24.987,44.912,33.366,43.463,42.034,37.763,42.949,31.142,37.457,30.979,9.8083,13.134,20.53,402.4,6.4822,7.2282,12.925,5.1192,1.726,3.15,3.8392,1.8738,1.4458,1.6288,1.2394,0.79386
683.86,1169.5,939.66,1265.6,1172.2,1032.4,1873.6,847.69,1095.3,763.89,269.19,306.9,499.73,65.988,421.47,268.9,342.01,119.62,170.33,143.61,89.712,63.785,33.783,38.061,28.96,18.55
908.41,1835.7,1292.3,1073.9,1312.6,1198.8,942.66,703.5,962.11,679.93,405.27,328.26,450.6,232.59,142.27,158.64,383.67,142.36,37.881,69.137,84.264,71.126,31.732,35.749,27.201,17.424
754.55,1204.6,980.63,1119,1073.8,1198.8,1156.4,905.93,1081.3,851.94,251.24,353.03,544.94,118.93,159.43,257.78,347.89,165.91,42.45,97.475,94.427,136.09,35.559,80.061,30.482,19.525
979,1322.6,886.58,1116.7,1101.3,1005.5,1184,861.48,1087.9,847.46,342.98,335.37,508.6,79.357,260.59,189.07,350.19,126.82,362.76,148.04,115.11,56.42,35.816,80.351,110.7,49.667
279.52,502.43,373.26,486.22,470.23,722.45,490.47,348.38,419.03,346.56,109.72,156.93,229.67,26.804,72.516,80.861,144.59,57.268,19.308,35.239,82.949,20.962,16.174,18.221,13.865,8.8809
627.5,1048,891.16,1144.5,1111.5,1102.8,1152.7,899.76,1055.7,816,236.69,423.56,524.5,85.377,229.82,207.06,368.72,138.32,79.891,92.805,88.734,53.307,33.415,37.646,28.644,18.348
696.87,1112.8,817.02,1188.2,1064.1,982.06,1136,863.9,1044.8,1210,254.3,343.74,490.41,57.235,259.84,172.66,318.74,122.28,121.23,145.25,91.71,44.76,34.536,78.908,69.605,18.963
593.06,1032.1,911.87,1079.4,977.2,940.96,1357.8,951.76,944.07,698.1,241.02,355.97,592.63,63.992,196.07,252.88,381.25,115.36,38.893,140.98,86.515,82.224,32.579,36.704,27.928,17.889
668.6,1121.9,846.05,1156,1080.6,1054.9,1143.3,780.99,957.34,826.97,242.83,395.16,548.27,59.319,180.48,198.95,349.98,126.74,42.73,97.987,95.05,46.39,35.793,40.325,70.683,49.654
590.41,1061.2,908.4,1277,1403.2,1332.3,1094.9,815.85,905.09,732.02,231.76,310.35,905.11,156.62,153.17,170.8,305.4,160.96,40.783,74.433,90.719,44.276,34.162,38.488,249.29,18.758
283.52,437.73,560.19,423.6,409.67,508.04,428.59,303.51,365.06,301.93,95.593,128.01,200.09,228.35,63.176,70.447,125.97,49.892,16.821,30.701,37.418,18.262,14.091,15.875,12.079,7.7371
674.63,1092.9,777.33,1039.5,966.68,1228.5,987.74,746.18,981.43,712.45,235.57,302.05,472.14,55.102,229.07,166.23,297.24,117.73,159.69,72.443,88.293,63.092,33.249,37.459,28.502,18.257
633.83,1125.4,856.31,1170.3,1185.8,1042.6,1157.9,782.57,925.19,898.64,237.03,337.4,556.13,67.902,196.65,184.68,322.34,123.71,41.709,96.124,92.779,55.282,34.938,39.362,109.95,19.185
684.19,1164,840.16,1338.4,1213.2,1108.2,1485.7,835.49,1040.7,761.5,341.1,422.84,564.65,138.9,159.34,227.68,327.7,125.83,172.43,97.431,94.372,96.059,35.538,80.038,30.465,39.514
613.94,1329.6,889.76,1125.7,1122.3,1082.5,1253.7,797.79,995.38,893.99,269.22,356.94,529.79,65.995,151.49,188.92,322.05,129.64,40.336,73.617,89.724,53.79,33.788,38.066,28.964,28.553
573.04,1620,1155.2,1076.8,1154,986.05,1185,744.2,919.04,1160.5,224.94,301.21,510.84,74.95,148.66,165.77,306.42,127.4,209.58,72.243,88.049,42.973,33.157,77.355,28.423,18.207
274.39,493.2,366.4,477.28,461.59,474.69,471.64,341.98,431.33,340.19,107.71,144.23,225.45,26.311,71.183,79.375,141.93,56.216,18.953,34.592,42.16,20.577,15.876,17.887,13.61,8.7177
882.87,1069.7,834.97,1046.5,1203.7,955.79,1134.7,793.98,1058.8,830.26,254.88,381.12,490.69,54.933,318.62,165.72,326.33,127.37,299.57,82.221,88.022,62.96,33.147,37.344,28.415,18.201
772.85,1331.4,1095.1,1243,1365.1,1011.8,1269.4,996.13,1153.7,1051.8,300.2,428.42,574.62,113.56,171.96,191.75,362.87,135.8,205.79,123.56,101.85,49.708,38.353,43.209,32.878,21.06
605.72,1188.8,998.85,1333.6,1139,1075.4,1091.2,974.93,1038,871,237.77,368.39,557.69,118.08,237.14,225.23,363.32,124.1,41.841,76.363,93.071,45.424,35.048,39.486,140.04,29.245
675.53,1664.4,1105.3,1378.1,1172.3,1435.4,1295.2,1059.6,1097.7,935.55,335.55,398.8,673.96,179.98,162.28,190.96,343.57,128.16,203.21,78.86,96.114,226.91,36.194,40.777,71.027,19.874
784.28,1106.2,926.91,1201.1,1146.5,973.25,1118.7,963.13,985.87,829.2,247.2,367.63,496.5,57.945,156.77,214.81,312.57,123.8,41.741,86.181,92.849,55.315,34.964,119.39,29.973,19.199
273.55,491.71,365.29,475.83,460.19,493.43,470.21,340.94,410.08,339.16,107.38,143.79,224.76,26.232,70.967,79.135,141.5,56.045,18.896,34.487,42.032,20.514,15.828,17.832,13.569,8.6913
762.4,1222.7,1011.2,1314.8,1177.5,1066,1281.4,893.1,1098,818.86,326.09,452.93,566.04,92.559,169.25,198.73,347.46,143.66,225.06,82.247,100.24,48.924,37.749,42.528,32.359,20.728
1026.6,848.69,623.06,1131.6,1264.9,845.17,1442,681.53,699.47,658.5,233.16,525.26,693.38,84.743,1161,294.98,341.36,95.595,172.23,88.823,71.694,54.991,26.998,270.42,143.14,14.825
1178.5,1565.6,1366,1708,1840.9,1420.1,1574.7,1488.2,1422.1,1799,314.56,790.87,772.83,152.18,988.24,287.6,515.44,172.86,1164.8,201.75,99.642,148.63,37.523,42.274,122.17,20.604
1236.3,1817.5,1726.4,2055.9,1704.9,1442.5,1921.1,1452.7,1493.7,1118,411.16,896.49,968.51,238.68,185.82,427.2,550.5,146.75,249.48,260.3,110.05,153.71,41.444,86.691,35.527,22.757
746.35,1285.7,1233.2,1356.5,1527.8,1162.2,1462.6,1283,1193.9,1558.6,265.49,505.51,895.72,144.86,175.46,395.66,349.85,178.57,46.719,105.27,103.92,60.72,39.134,44.089,73.547,21.489
281.07,505.21,375.32,488.9,472.83,624.78,483.13,350.3,421.34,348.48,110.33,147.74,230.94,26.952,72.916,81.308,145.39,57.584,19.415,35.434,43.186,21.077,16.263,18.322,13.941,8.93
1155.3,2379.9,1441.7,1592.4,1575.5,1355.2,1599.2,1104.2,1497.3,800.04,813.3,969.18,770.19,221.88,1007.4,296.67,473.78,182.2,664.57,181.35,99.148,108.39,37.337,332.06,42.006,20.501
926.46,1792,1943.2,1454.5,1667.5,1767,1241.2,1465.7,1089.1,1341.5,418.76,719.8,571.16,371.99,167.71,237.01,454.39,132.44,414.65,121.5,99.329,68.478,37.405,42.141,32.065,20.539
1462,1283.9,1057.3,1296.7,1390,970.23,1363.5,1020.1,1062.4,795.94,302,747.45,647.48,121.56,776.54,275.71,352.07,131.53,384.34,90.933,98.641,58.142,37.146,161.85,31.843,20.397
837.29,1781.3,1624.5,1710.3,1759.8,1838.9,2145.8,1581.5,1350.3,876.93,447.64,561.78,1011.1,457.82,183.49,524.61,415.86,144.91,328.86,199.17,108.68,53.041,40.925,166.11,35.082,22.472
719.88,1438.3,1111,1473.5,1269.2,1176.6,1881.1,1197.7,1229.3,863.75,325.48,615.32,672.89,327.52,305.62,313.54,400.3,122.9,221.44,105.63,92.173,244.99,34.71,359.1,69.755,19.059
280.47,804.14,714.23,487.87,511.83,783.89,482.11,349.56,420.46,347.74,110.1,277.43,230.45,256.9,222.76,121.14,145.08,57.463,609.37,35.359,43.096,21.033,16.229,18.283,13.912,8.9111
1536.2,1827.6,912.86,1371.9,1166.6,1231.3,1449.2,1008,1083.8,764,401.89,623.91,636.31,249.09,159.86,228.26,418.75,126.25,402.57,167.69,94.683,286.21,35.655,40.17,30.565,19.578
1110.9,1609.9,1646,1689.2,1859.1,1739.3,1854.8,1623.6,1830.7,2149,475.14,828.43,775.9,407.21,401.83,292.76,602.56,143.6,258.42,108.36,107.7,142.56,40.556,45.691,254.77,22.269
1161.9,1597.8,1537.3,1708.8,1510.4,1315.5,1325,1267.5,1717.3,1533.1,473.76,643.2,802.1,244.43,1174.3,244.38,517.57,167.67,546.41,114.71,103.25,200.39,38.879,153.8,143.33,61.349
1039.4,1531.1,1224,1578.7,1587,1532.3,1783.8,1299.1,1453.4,904.32,366.32,813.4,789.3,449.94,289.22,561,587.29,149.44,480.38,211.95,112.07,124.7,42.204,187.55,206.18,23.174
673.73,1149.1,846.25,1112.3,1066.1,967.77,1099.3,809.84,1060,815.72,258.77,343.11,530.7,60.769,214.41,183.33,327.81,129.84,73.775,79.894,97.374,57.524,36.669,41.311,41.434,20.135
250.01,469.38,333.84,434.87,420.57,897.84,429.74,311.59,374.78,309.97,98.138,131.41,205.42,23.973,64.858,72.322,129.32,51.221,17.269,31.518,38.414,18.748,14.466,16.297,12.401,7.9431
632.43,1138.8,831.15,1092.7,1127.1,1000.7,1079.9,805.75,943.08,921.71,244.33,377.17,551.41,59.686,251.47,180.06,331.96,127.52,82.994,78.469,95.637,46.676,36.015,40.575,30.873,19.776
688.44,1237.4,929.3,1207.5,1158.1,1100.4,1193.4,878.02,1032,853.55,270.24,391.87,605.65,76.015,178.6,199.15,366.11,141.05,47.554,86.79,105.78,51.627,39.834,44.878,34.147,21.873
671.16,1208.4,892.87,1160,1122.2,1009.2,1146.5,824.02,1041.1,829.72,259.53,367.53,573.24,73.399,171.52,191.26,342,135.46,105.67,83.351,101.59,49.581,38.256,43.099,32.794,21.006
700.49,1259.1,935.39,1218.5,1178.4,1058.7,1204.1,873.05,1050.1,888.49,274.97,378.21,575.56,67.171,181.73,202.64,362.34,143.51,48.387,88.31,107.63,52.531,40.531,45.663,34.745,22.256
614.33,1104.2,820.34,1068.6,1033.5,928.45,1056,765.66,920.94,761.67,241.15,322.92,504.76,58.909,159.37,177.72,317.78,125.86,42.435,77.448,94.394,46.069,35.546,40.047,30.471,19.518
229.11,411.81,305.94,398.52,385.42,346.25,393.81,285.54,343.45,284.06,89.934,120.43,228.25,21.969,59.436,66.277,118.51,46.939,15.826,28.883,35.203,17.181,13.256,14.935,11.364,7.2791
545.4,980.34,728.29,948.69,917.5,824.27,937.49,679.75,817.6,676.2,214.09,286.68,448.13,52.299,141.49,157.77,282.12,111.74,37.674,68.758,83.802,40.9,31.558,35.553,27.052,17.328
665.91,1196.9,889.21,1158.3,1120.2,1006.4,1144.6,829.94,998.26,825.62,261.4,350.03,547.14,63.855,172.75,192.64,344.45,136.43,45.998,83.95,102.32,49.937,38.531,43.409,33.03,21.157
638.32,1147.4,852.38,1110.3,1073.8,964.71,1097.2,795.57,956.91,791.42,250.57,335.53,524.48,61.21,165.6,184.66,330.19,130.78,44.092,80.473,98.08,47.869,36.934,41.611,31.662,20.281
724.67,1302.6,967.68,1260.5,1219.1,1095.2,1245.6,903.18,1086.3,898.47,284.46,380.91,595.42,69.49,188,209.63,374.85,148.47,50.057,91.358,111.35,54.344,41.93,47.239,35.944,23.024
643.98,1157.5,859.94,1120.2,1083.3,973.26,1106.9,802.62,965.39,798.43,252.79,338.5,529.13,61.753,167.07,186.29,333.11,131.94,44.483,81.186,98.95,48.293,37.262,41.98,31.942,20.46
261.62,470.25,349.35,455.07,440.11,395.39,449.69,326.06,392.19,324.36,102.7,137.52,214.96,25.087,67.87,75.681,135.33,53.599,18.071,32.982,40.198,19.619,15.138,17.054,12.976,8.312
589.25,1059.2,786.85,1025,991.27,890.54,1012.9,734.4,883.34,730.57,231.31,309.73,484.15,56.504,152.87,170.46,304.8,120.72,40.703,74.286,90.54,44.188,34.095,38.412,29.227,18.721
622.1,1118.2,830.71,1082.1,1046.5,940.19,1069.3,775.34,932.58,771.3,244.2,327,511.14,59.654,161.39,179.96,321.79,127.45,42.972,78.427,95.587,46.652,35.996,40.553,30.857,19.765
608.33,1093.4,812.32,1058.2,1043.4,919.37,1045.7,758.18,911.94,754.22,238.79,319.76,499.83,58.333,157.82,175.98,314.67,124.63,42.02,76.691,93.471,45.619,35.199,39.655,30.174,19.328
637.28,1145.5,850.98,1108.5,1072.1,963.13,1095.4,794.26,955.34,790.12,250.16,334.98,523.62,61.11,165.33,184.35,329.64,130.56,44.02,80.341,97.919,47.79,36.874,41.543,31.61,20.247
573.42,1030.7,765.71,997.43,964.63,866.61,985.65,714.67,859.6,720.94,225.09,301.41,471.14,54.986,148.76,165.88,296.61,117.48,39.609,72.29,88.107,43.001,33.179,37.38,28.442,18.218
219.98,395.4,293.74,382.64,370.06,332.45,378.12,274.16,329.77,272.73,86.35,115.63,180.74,21.094,57.068,63.635,113.79,45.068,15.195,27.732,33.8,16.496,12.728,14.34,10.911,6.989
514.78,925.31,687.41,895.44,866,778,884.87,641.59,771.71,638.25,202.07,270.59,422.97,49.364,133.55,148.92,266.28,105.47,35.559,64.898,79.098,38.604,29.786,33.558,25.534,16.356
564.14,1014,753.32,981.29,949.03,852.6,969.7,703.11,845.7,699.44,221.45,296.54,463.52,54.096,146.35,163.2,291.81,115.58,38.968,71.121,86.682,42.306,32.642,36.775,27.982,17.924
547.82,984.69,731.53,952.9,921.57,827.93,941.65,682.77,821.23,679.21,215.04,287.96,450.11,52.531,142.12,158.47,283.37,112.24,37.841,69.063,84.174,41.082,31.698,35.711,27.172,17.405
565.78,1017,755.5,984.14,951.78,855.07,972.51,705.15,848.15,701.47,222.09,297.39,464.87,54.253,146.78,163.67,292.66,115.91,39.081,71.327,86.933,42.428,32.737,36.882,28.063,17.976
499.98,898.71,667.65,869.7,841.1,755.64,859.43,623.15,749.52,619.9,196.27,262.81,410.81,47.944,129.71,144.64,258.63,102.44,34.537,63.033,76.824,37.494,28.93,32.593,24.8,15.885
184.56,331.75,246.46,321.04,310.48,278.94,317.25,230.03,276.68,228.83,72.449,97.015,151.65,17.698,47.881,53.391,95.47,37.813,12.749,23.268,28.359,13.841,10.679,12.031,9.1546,5.8639
415.57,746.97,554.92,722.86,699.09,628.05,714.32,517.94,622.97,515.23,163.13,218.44,341.45,39.849,107.81,120.22,214.96,85.14,28.705,52.39,63.853,31.164,24.045,27.09,20.613,13.203
316.41,568.74,422.51,550.38,532.28,478.2,543.88,394.35,474.33,392.3,124.2,166.32,259.98,30.341,82.085,91.532,163.67,64.825,21.856,39.889,48.617,23.728,18.308,20.626,15.694,10.053
12.29,22.091,16.411,21.378,20.675,18.574,21.125,15.317,18.424,15.237,4.8243,6.4601,10.098,1.1785,3.1883,3.5553,6.3572,2.5179,0.84893,1.5494,1.8884,0.92163,0.71111,0.80115,0.60959,0.39047
379.12,681.45,506.25,659.46,637.77,572.97,651.67,472.51,568.33,470.04,148.82,199.28,311.5,36.354,98.353,109.67,196.11,77.673,26.188,47.795,58.253,28.431,21.936,24.714,18.805,12.045
395.06,710.1,527.53,687.18,664.58,597.05,679.06,492.37,592.23,489.8,155.08,207.66,324.6,37.883,102.49,114.28,204.35,80.938,27.289,49.804,60.701,29.626,22.859,25.753,19.595,12.552
174.51,313.67,233.03,303.55,293.57,263.74,299.96,217.49,261.6,216.36,68.501,91.728,143.38,16.734,45.272,50.482,90.267,35.753,12.054,22,26.813,13.086,10.097,11.376,8.6557,5.5444
590.19,1060.8,788.1,1026.6,992.85,891.96,1014.5,735.57,884.75,731.74,231.67,310.23,484.93,56.594,153.11,170.73,305.29,120.92,40.767,74.404,90.684,44.259,34.149,38.473,29.274,18.751
636.29,1143.7,849.67,1106.8,1070.4,961.64,1093.7,793.03,953.86,788.9,249.77,334.46,522.81,61.015,165.07,184.07,329.13,130.36,43.952,80.217,97.768,47.716,36.817,41.478,31.561,20.216
599.33,1077.3,800.31,1042.5,1008.2,905.78,1030.2,746.96,898.45,743.07,235.26,315.03,492.44,57.471,155.48,173.38,310.01,122.79,41.399,75.557,92.088,44.944,34.678,39.069,29.727,19.042
655.44,1178.1,875.24,1140.1,1102.6,990.58,1126.6,816.9,982.57,812.64,257.29,344.53,538.54,62.851,170.04,189.61,339.04,134.29,45.275,82.631,100.71,49.152,37.925,42.727,32.51,20.824
608.71,1094.1,812.84,1058.8,1024,919.96,1046.3,758.66,912.52,754.7,238.95,319.96,500.15,58.371,157.92,176.09,314.87,124.71,42.047,76.74,93.53,45.648,35.221,39.681,30.193,19.34
272.8,490.35,364.28,474.52,458.92,412.29,468.92,340,408.95,338.23,107.09,143.39,224.14,26.159,70.771,78.916,141.11,55.89,18.844,34.391,41.916,20.457,15.785,17.783,13.531,8.6673
673.88,1211.3,899.86,1172.2,1133.6,1018.5,1158.3,839.88,1010.2,835.5,264.53,354.22,553.69,64.62,174.82,194.94,348.58,138.06,46.549,84.956,103.54,50.535,38.992,43.929,33.425,21.41
747.94,1344.4,1018.8,1301,1258.2,1130.4,1285.6,932.19,1121.2,927.33,293.6,393.15,614.55,71.722,194.04,216.37,386.89,153.24,51.664,94.292,114.92,56.089,43.277,48.757,37.099,23.763
660.12,1186.5,881.49,1148.2,1110.5,997.65,1134.7,822.73,989.58,818.44,259.13,346.99,542.39,63.3,171.25,190.96,341.46,135.24,45.598,83.221,101.43,49.503,38.196,43.032,32.743,20.973
723.07,1299.7,965.54,1257.7,1216.4,1092.8,1242.9,901.19,1083.9,896.49,283.84,380.08,594.11,69.336,187.58,209.17,374.02,148.14,49.946,91.157,111.1,54.224,41.838,47.135,35.865,22.973
667.53,1199.9,891.38,1161.1,1123,1008.8,1147.4,831.96,1000.7,827.63,262.03,350.88,548.47,64.01,173.17,193.1,345.29,136.76,46.11,84.155,102.57,50.059,38.624,43.515,33.11,21.209
286.13,514.32,382.09,497.72,481.35,432.44,491.84,356.62,428.94,354.76,112.32,150.4,235.1,27.438,74.231,82.774,148.01,58.623,19.765,36.073,43.965,21.458,16.556,18.652,14.193,9.091
675.96,1215,902.63,1175.8,1137.1,1021.6,1161.9,842.47,1013.3,838.07,265.34,355.31,555.4,64.819,175.36,195.54,349.65,138.49,46.692,85.217,103.86,50.691,39.112,44.064,33.528,21.476
722.49,1298.6,964.77,1256.7,1215.4,1091.9,1251.9,900.46,1083.1,895.76,283.61,379.77,593.63,69.281,187.43,209,373.72,148.02,49.906,91.083,111.01,54.18,41.804,47.097,35.836,22.955
694.19,1247.8,926.98,1207.5,1167.8,1049.1,1193.3,865.2,1040.7,860.68,272.5,374.9,570.38,66.567,180.09,200.82,359.08,142.22,47.952,87.516,106.66,52.058,40.167,45.253,34.433,22.056
754.98,1357,1028.2,1313.2,1270.1,1141,1297.7,940.95,1131.8,936.05,296.36,396.85,620.32,72.396,195.86,218.4,390.53,154.68,52.15,95.179,116,56.617,43.684,49.215,37.448,23.987
534.42,960.61,713.64,929.6,899.04,807.68,958.62,666.07,801.15,662.6,209.78,280.92,439.11,51.247,138.64,154.6,276.44,109.49,36.916,67.374,82.116,40.077,30.923,34.838,26.508,16.98
184.32,331.31,246.13,320.62,310.08,278.57,316.83,229.73,276.32,228.53,72.354,96.887,151.45,17.675,47.818,53.321,95.344,37.763,12.732,23.237,28.322,13.823,10.665,12.016,9.1426,5.8562
713.94,1283.3,953.35,1241.9,1201,1079,1227.2,889.81,1070.3,885.17,280.25,375.28,586.61,68.461,185.22,206.53,369.3,146.27,49.316,90.006,109.7,53.539,41.31,46.54,35.412,22.683
697.76,1254.2,931.75,1213.7,1173.8,1054.5,1199.4,869.64,1046,865.11,273.9,366.77,573.31,66.91,181.02,201.85,360.93,142.96,48.198,87.966,107.21,52.326,40.374,45.485,34.61,22.169
724.07,1301.5,966.88,1259.5,1218.1,1094.3,1244.6,902.43,1085.4,897.72,284.23,380.6,594.93,69.432,187.84,209.46,374.54,148.35,50.015,91.282,111.25,54.299,41.896,47.2,35.914,23.005
783.96,1429.1,1046.9,1363.7,1318.8,1184.8,1347.6,977.08,1175.2,971.98,307.74,412.08,644.14,75.175,203.38,226.79,405.52,160.62,54.152,98.833,120.46,58.79,45.361,51.105,38.885,24.908
755.58,1358.1,1009,1314.3,1271.1,1141.9,1298.8,941.7,1132.7,936.79,296.6,397.16,620.82,72.454,196.02,218.58,390.84,154.8,52.192,95.255,116.1,56.662,43.719,49.254,37.477,24.006
364.82,655.75,487.16,634.59,613.72,551.36,627.09,454.69,546.9,452.32,143.21,191.76,299.75,34.983,94.644,105.54,188.71,74.744,25.2,45.993,56.056,27.358,21.109,23.782,18.095,11.591
675.02,1213.3,911.39,1174.2,1135.6,1020.2,1160.3,841.31,1011.9,836.92,264.98,354.82,554.63,64.729,175.12,195.27,349.17,138.3,46.628,85.1,103.72,50.621,39.058,44.003,33.482,21.447
720.64,1277.4,948.95,1236.1,1195.5,1074,1221.5,885.7,1065.3,881.08,278.96,373.54,583.9,68.145,184.36,205.58,367.59,145.59,49.088,89.59,109.19,53.292,41.119,46.325,35.249,22.578
679.38,1221.2,927.2,1181.7,1142.9,1026.8,1167.8,846.73,1018.4,842.32,266.68,357.11,558.21,65.147,176.25,196.53,351.42,139.19,46.928,85.648,104.39,50.947,39.31,44.287,33.698,21.585
706.66,1270.2,943.63,1229.2,1188.8,1068,1214.7,880.73,1059.3,876.14,277.39,371.45,580.62,67.762,183.33,204.42,365.53,144.78,48.813,89.087,108.58,52.993,40.888,46.065,35.051,22.452
727.51,1307.7,971.48,1265.5,1223.9,1099.5,1250.5,906.72,1090.6,902,285.58,402.41,597.76,69.762,188.74,210.46,376.32,149.05,50.253,91.717,111.78,54.557,42.095,47.425,36.085,23.114
337.68,606.98,450.92,587.38,568.07,510.35,580.45,420.87,506.22,418.67,132.56,177.5,277.46,32.381,87.604,97.686,174.67,69.184,23.326,42.571,51.886,25.323,19.539,22.013,16.749,10.729
665.97,1197.1,889.3,1158.4,1120.3,1006.5,1144.7,830.03,998.36,825.7,261.42,350.06,547.19,63.861,172.77,192.65,344.49,136.44,46.002,83.959,102.33,49.942,38.534,43.413,33.033,21.159
714.63,1284.5,954.27,1243.1,1202.2,1080,1228.4,890.67,1071.3,886.02,280.52,375.64,587.17,68.527,185.39,206.73,369.66,146.41,49.363,90.093,109.8,53.591,41.35,46.585,35.446,22.705
685.26,1231.7,915.05,1192,1152.8,1035.6,1177.9,854.06,1027.3,849.6,268.99,360.2,563.04,65.71,177.77,198.23,354.46,140.39,47.334,86.39,105.29,51.388,39.65,44.67,33.989,21.772
733.8,1319,979.87,1276.4,1234.4,1109,1261.3,914.56,1100,909.79,288.05,385.71,602.92,70.365,190.37,212.27,379.57,150.34,50.687,92.509,112.75,55.028,42.459,47.834,36.397,23.314
717.39,1289.5,957.96,1247.9,1206.8,1084.2,1233.1,894.11,1075.4,889.44,281.61,377.09,589.44,68.792,186.11,207.53,371.08,146.98,49.554,90.44,110.23,53.798,41.509,46.765,35.583,22.793
365.27,656.57,487.76,635.37,614.48,552.04,627.87,455.25,547.58,452.88,143.39,192,300.12,35.027,94.761,105.67,188.94,74.836,25.231,46.05,56.125,27.392,21.135,23.811,18.118,11.605
722.18,1298.1,964.35,1256.2,1214.9,1091.4,1241.4,900.07,1082.6,895.38,283.48,379.61,593.37,69.251,187.35,208.91,373.56,147.96,49.885,91.044,110.96,54.157,41.786,47.077,35.821,22.945
752.14,1351.9,1004.4,1308.3,1265.3,1136.7,1292.9,937.41,1127.5,932.52,295.25,395.35,617.99,72.124,195.12,217.58,389.06,154.1,51.954,94.821,115.57,56.404,43.52,49.03,37.307,23.897
736.01,1323,982.83,1280.3,1238.2,1112.3,1265.1,917.32,1103.4,912.53,288.92,386.88,604.74,70.578,190.94,212.92,380.72,150.79,50.84,92.788,113.09,55.194,42.587,47.979,36.507,23.384
759.99,1366.1,1014.8,1322,1278.5,1148.6,1306.4,947.2,1139.3,942.26,298.33,399.48,624.44,72.877,197.16,219.85,393.12,155.7,52.497,95.811,116.77,56.992,43.974,49.542,37.696,24.146
778.9,1400.1,1040.1,1354.9,1310.3,1177.2,1338.9,970.78,1167.7,965.71,305.75,409.42,639.98,74.69,202.07,225.32,402.9,159.58,53.803,98.196,119.68,58.411,45.069,50.775,38.634,24.747
370.78,666.47,495.12,644.96,623.75,560.37,637.34,462.12,555.84,459.71,145.55,194.9,304.65,35.555,96.191,107.26,191.79,75.965,25.612,46.744,56.972,27.805,21.454,24.17,18.391,11.78
729.37,1311,973.96,1268.7,1227,1102.3,1253.7,909.04,1093.4,904.3,286.31,383.39,599.29,69.941,189.22,210.99,377.28,149.43,50.382,91.951,112.07,54.696,42.203,47.546,36.178,23.173
738.16,1326.8,985.7,1284,1241.8,1115.6,1268.8,920,1106.6,915.2,289.76,388.01,606.51,70.784,191.5,213.54,381.83,151.23,50.989,93.059,113.42,55.356,42.711,48.119,36.614,23.453
730.54,1313.1,975.52,1270.7,1229,1104.1,1255.7,910.5,1095.1,905.75,286.77,384,600.25,70.053,189.52,211.33,377.89,149.67,50.462,92.099,112.25,54.784,42.27,47.622,36.236,23.211
771.2,1386.2,1029.8,1341.5,1297.4,1165.5,1325.6,961.17,1156.1,956.16,302.73,405.37,633.65,73.952,200.07,223.09,398.92,158,53.271,97.224,118.5,57.833,44.623,50.273,38.252,24.502
761.6,1368.9,1017,1324.8,1281.2,1151,1309.1,949.2,1141.7,944.25,298.96,400.33,625.76,73.031,197.58,220.32,393.95,156.03,52.607,96.013,117.02,57.113,44.067,49.647,37.776,24.197
359.14,645.55,479.58,624.71,604.17,542.78,617.33,447.61,538.39,445.28,140.98,188.78,295.09,34.439,93.171,103.89,185.77,73.58,24.808,45.277,55.183,26.932,20.781,23.412,17.814,11.411
719.19,1292.7,960.37,1251,1209.9,1086.9,1236.2,896.35,1078.1,891.68,282.31,378.04,590.92,68.965,186.58,208.05,372.02,147.35,49.678,90.668,110.51,53.933,41.614,46.882,35.673,22.85
771.01,1385.9,1029.6,1341.1,1297,1165.2,1325.3,960.94,1155.8,955.93,302.65,405.28,633.5,73.934,200.02,223.04,398.82,157.96,53.258,97.201,118.47,57.819,44.612,50.26,38.243,24.496
737.19,1325.1,984.41,1282.3,1240.1,1114.1,1277.2,918.79,1105.1,914,289.38,387.5,605.71,70.691,191.25,213.26,381.33,151.03,50.922,92.937,113.27,55.283,42.655,48.056,36.566,23.422
771.08,1386,1029.7,1341.3,1297.2,1165.4,1325.4,961.03,1155.9,956.02,302.68,405.31,633.56,73.941,200.04,223.06,398.86,157.98,53.263,97.21,118.48,57.824,44.616,50.265,38.247,24.499
731.16,1314.2,976.35,1271.8,1230,1105,1256.8,911.27,1096.1,906.52,287.01,384.33,600.76,70.112,189.68,211.51,378.21,149.8,50.505,92.177,112.34,54.831,42.306,47.663,36.266,23.23
355.39,638.8,474.57,618.18,597.86,537.11,610.88,442.94,532.76,440.63,139.51,186.81,292.01,34.079,92.198,102.81,183.83,72.812,24.549,44.804,54.607,26.651,20.563,23.167,17.628,11.291
717.02,1288.8,957.46,1247.2,1206.2,1083.6,1232.5,893.64,1074.9,888.98,281.46,376.89,589.13,68.756,186.01,207.42,370.89,146.9,49.528,90.393,110.17,53.77,41.488,46.741,35.565,22.781
742.94,1335.4,992.07,1292.3,1249.8,1122.8,1277,925.95,1113.7,921.12,291.63,390.52,610.43,71.241,192.74,214.92,384.3,152.21,51.319,93.661,114.15,55.714,42.987,48.43,36.85,23.604
739.53,1329.3,987.53,1286.4,1244.1,1117.7,1351.2,921.71,1108.6,916.9,290.3,388.73,607.64,70.915,191.85,213.93,382.54,151.51,51.084,93.232,113.63,55.458,42.791,48.208,36.682,23.496
718.66,1291.8,959.66,1250.1,1209,1086.1,1235.3,895.69,1077.3,891.02,282.11,377.76,590.49,68.914,186.44,207.9,371.74,147.24,49.642,90.601,110.42,53.893,41.583,46.848,35.646,22.833
72.536,130.38,96.86,126.17,122.02,109.62,124.68,90.404,108.74,89.932,28.473,38.128,59.599,6.9556,18.818,20.983,37.521,14.861,5.0104,9.1445,11.145,5.4395,4.197,4.7284,3.5978,2.3046
271.32,487.68,362.3,471.94,456.42,410.05,466.37,338.15,406.73,336.39,106.5,142.62,222.93,26.017,70.387,78.487,140.34,55.587,18.741,34.205,41.688,20.346,15.699,17.687,13.458,8.6202
690.58,1241.3,922.16,1201.2,1161.7,1043.7,1187,860.7,1035.2,856.21,271.08,363,567.41,66.221,179.16,199.77,357.22,141.48,47.702,87.061,106.11,51.787,39.958,45.017,34.254,21.941
702.96,1263.5,938.69,1222.8,1182.6,1062.4,1208.3,876.12,1053.8,871.55,275.94,369.5,577.58,67.408,182.37,203.35,363.62,144.02,48.557,88.621,108.01,52.716,40.674,45.824,34.867,22.334
700.52,1259.2,935.44,1218.5,1178.5,1058.7,1204.1,873.09,1050.2,868.53,274.99,368.22,575.58,67.174,181.73,202.65,362.36,143.52,48.389,88.314,107.64,52.533,40.533,45.666,34.747,22.257
754.49,1356.2,1007.5,1312.4,1269.3,1140.3,1296.9,940.35,1131.1,935.45,296.17,396.59,619.93,72.35,195.74,218.26,390.28,154.58,52.117,95.118,115.93,56.58,43.656,49.184,37.424,23.972
768.72,1381.7,1026.5,1337.1,1293.2,1161.8,1321.4,958.08,1152.4,953.09,301.76,404.07,631.62,73.714,199.43,222.38,397.63,157.49,53.1,96.912,118.12,57.647,44.479,50.111,38.129,24.424
370.42,665.82,494.64,644.33,623.14,559.82,636.72,461.67,555.3,459.26,145.41,194.71,304.35,35.52,96.097,107.16,191.61,75.891,25.587,46.699,56.916,27.778,21.433,24.147,18.373,11.769
715.22,1249.6,928.35,1209.3,1169.5,1050.7,1195,866.47,1042.2,861.95,272.9,365.43,571.22,66.665,180.36,201.11,359.61,142.43,48.022,87.645,106.82,52.135,40.226,45.32,34.483,22.088
759.7,1365.5,1014.5,1321.5,1278,1148.2,1305.9,946.84,1138.9,941.91,298.22,399.33,624.21,72.849,197.09,219.77,392.97,155.65,52.477,95.775,116.73,56.971,43.958,49.523,37.682,24.137
772.59,1352.8,1005,1309.1,1266.1,1137.4,1293.6,937.98,1128.2,933.09,295.42,395.59,618.36,72.167,195.24,217.71,389.29,154.19,51.986,94.879,115.64,56.438,43.546,49.06,37.329,23.911
760.06,1366.2,1014.9,1322.1,1278.6,1168.7,1306.5,947.29,1139.4,942.35,298.36,399.52,624.5,72.884,197.18,219.87,393.16,155.72,52.502,95.82,116.79,56.998,43.978,49.547,37.7,24.149
784.57,1410.2,1047.7,1364.7,1319.8,1185.7,1348.6,977.84,1176.1,972.74,307.98,412.4,644.64,75.234,203.54,226.96,405.83,160.74,54.194,98.91,120.55,58.836,45.396,51.144,38.915,24.927
446.86,659.42,489.89,638.14,617.15,634.44,630.6,457.23,549.96,454.85,144.01,192.84,301.43,35.179,95.174,106.13,189.77,75.162,25.341,46.25,56.369,27.511,21.227,23.915,18.197,11.656
729.44,1311.2,974.06,1268.8,1227.1,1102.4,1253.8,909.13,1093.5,904.39,286.34,383.43,599.34,69.948,189.24,211.02,377.32,149.45,50.387,91.96,112.08,54.702,42.207,47.551,36.181,23.176
711.44,1278.8,950.01,1237.5,1196.8,1075.2,1222.9,886.69,1066.5,882.07,279.27,373.96,584.55,68.221,184.57,205.81,368.01,145.76,49.143,89.69,109.31,53.352,41.165,46.377,35.288,22.604
671.2,1206.5,896.27,1167.5,1129.1,1014.4,1153.7,836.53,1006.2,832.17,263.47,352.81,551.49,64.362,174.13,194.17,347.19,137.51,46.363,84.617,103.13,50.334,38.836,43.754,33.292,21.325
687.74,1236.2,918.36,1196.3,1157,1039.4,1182.2,857.15,1031,852.68,269.97,361.5,565.08,65.948,178.42,198.95,355.75,140.9,47.506,86.702,105.67,51.574,39.794,44.832,34.113,21.851
637.15,1145.3,850.82,1108.3,1071.9,962.94,1095.2,794.11,955.15,789.97,250.11,334.91,523.52,61.098,165.29,184.32,329.58,130.54,44.012,80.325,97.9,47.781,36.867,41.535,31.604,20.243
207.5,372.98,277.09,360.94,349.07,313.6,356.68,258.62,311.07,257.27,81.454,109.07,170.49,19.898,53.832,60.027,107.33,42.513,14.333,26.16,31.883,15.561,12.006,13.527,10.292,6.5927
688.18,1237,918.95,1197,1157.7,1040.1,1182.9,857.7,1031.6,853.22,270.14,361.73,565.44,65.99,178.53,199.08,355.97,140.99,47.536,86.758,105.74,51.607,39.819,44.861,34.134,21.864
720.14,1314.4,961.63,1252.6,1211.5,1088.4,1237.9,897.54,1079.6,892.86,282.69,378.54,591.7,69.056,186.82,208.32,372.51,147.54,49.744,90.787,110.65,54.004,41.669,46.944,35.72,22.88
682.82,1227.4,911.8,1187.7,1148.7,1032,1173.7,851.03,1023.6,846.59,268.04,358.92,561.04,65.477,177.14,197.53,353.2,139.9,47.166,86.083,104.92,51.206,39.509,44.512,33.869,21.694
717.39,1289.5,957.96,1247.9,1206.8,1084.2,1233.1,894.1,1075.4,889.44,281.61,377.09,589.44,68.792,186.11,207.53,371.08,146.98,49.554,90.44,110.23,53.798,41.509,46.765,35.583,22.793
784.24,1409.6,1047.2,1364.1,1319.3,1185.2,1348,977.42,1175.6,972.32,307.85,412.23,644.37,75.202,203.45,226.87,405.66,160.67,54.171,98.868,120.5,58.811,45.377,51.123,38.899,24.917
324.71,583.66,433.6,564.82,546.25,490.75,558.15,404.7,486.78,402.59,127.46,170.68,266.8,31.137,84.24,93.934,167.96,66.527,22.43,40.936,49.893,24.351,18.788,21.167,16.106,10.317
673.81,1211.2,899.77,1172.1,1133.5,1018.3,1158.2,839.8,1010.1,835.42,264.5,354.18,553.64,64.613,174.8,194.92,348.54,138.05,46.544,84.947,103.53,50.53,38.988,43.924,33.422,21.408
697.62,1253.9,931.56,1213.5,1173.6,1054.3,1199.1,869.47,1045.8,864.93,273.85,366.7,573.2,66.896,180.98,201.81,360.86,142.93,48.188,87.948,107.19,52.315,40.365,45.476,34.603,22.165
672.82,1209.4,898.44,1170.3,1131.9,1016.8,1156.5,838.56,1008.6,834.18,264.11,353.66,552.82,64.518,174.55,194.64,348.03,137.85,46.475,84.822,103.38,50.455,38.93,43.86,33.372,21.377
696.72,1252.3,930.35,1211.9,1172.1,1053,1197.6,868.34,1044.4,863.81,273.49,366.22,572.45,66.809,180.75,201.55,360.39,142.74,48.126,87.834,107.05,52.247,40.313,45.417,34.558,22.136
752.41,1352.4,1004.7,1308.8,1265.7,1137.1,1293.3,937.76,1127.9,932.87,295.35,395.5,618.22,72.15,195.2,217.66,389.2,154.15,51.973,94.856,115.61,56.424,43.536,49.048,37.32,23.905
346.62,623.05,462.86,602.94,583.11,523.86,595.81,432.01,519.62,429.76,136.06,182.2,284.8,33.238,89.923,100.27,179.3,71.016,23.943,43.699,53.26,25.994,20.056,22.596,17.193,11.013
683.03,1227.7,912.08,1188.1,1149,1032.3,1174.1,851.28,1023.9,846.84,268.12,359.03,561.21,65.497,177.2,197.59,353.31,139.94,47.181,86.109,104.95,51.221,39.521,44.525,33.879,21.701
724.19,1301.7,967.04,1259.7,1218.3,1094.5,1244.8,902.59,1085.6,897.88,284.28,380.67,595.03,69.444,187.87,209.5,374.6,148.37,50.024,91.298,111.27,54.308,41.903,47.208,35.921,23.009
704.48,1266.3,940.72,1225.4,1185.1,1064.7,1210.9,878.01,1056.1,873.44,276.54,370.3,578.83,67.554,182.76,203.79,364.4,144.33,48.662,88.813,108.24,52.83,40.762,45.923,34.943,22.382
440.11,811.08,587.69,765.54,740.37,665.14,756.5,548.52,659.76,545.66,172.76,251.34,361.61,42.203,114.18,127.32,227.65,90.168,30.401,55.484,67.623,33.004,25.465,28.69,21.83,13.983
736.33,1343.5,1003.3,1280.8,1238.7,1112.8,1265.7,917.71,1103.8,912.93,289.04,387.05,605,70.608,191.02,213.01,380.88,150.86,50.862,92.829,113.14,55.218,42.605,48,36.523,23.394
324.15,582.65,432.85,563.84,545.3,489.89,557.18,404,485.93,401.89,127.24,170.39,266.34,31.083,84.093,93.771,167.67,66.411,22.391,40.865,49.806,24.308,18.756,21.131,16.078,10.299
707.69,1272.1,945.01,1231,1190.5,1069.5,1216.5,882.02,1060.9,877.42,277.8,371.99,581.47,67.862,183.59,204.72,366.07,144.99,48.884,89.218,108.74,53.071,40.948,46.133,35.102,22.485
707.51,1271.7,944.76,1230.7,1190.2,1069.3,1216.1,881.79,1060.6,877.19,277.73,371.89,581.32,67.844,183.55,204.67,365.97,144.95,48.871,89.195,108.71,53.057,40.937,46.121,35.093,22.479
7.6424,13.737,10.205,13.294,12.856,11.55,13.137,9.525,11.457,9.4753,3,4.0171,6.2793,0.73284,1.9826,2.2108,3.9532,1.5658,0.5279,0.96347,1.1743,0.57311,0.4422,0.49819,0.37907,0.24281
